City_ID,City,Country,Lat,Lng,Current Description,Rain (inches),Snow (inches),Max Temp,Humidity,Cloudiness,Wind Speed
0,Young,UY,-32.68,-57.63,broken clouds,0.0,0.0,53.22,94,77,3.83
1,Berlevag,NO,70.86,29.09,overcast clouds,0.0,0.0,42.39,79,98,18.57
2,Puerto Ayora,EC,-0.74,-90.35,broken clouds,0.0,0.0,77.0,69,75,20.8
3,Punta Arenas,CL,-53.15,-70.92,broken clouds,0.0,0.0,35.6,93,75,11.41
4,Albany,US,42.6,-73.97,light rain,0.11,0.11,87.01,53,71,1.01
5,Nauta,PE,-4.51,-73.58,light rain,0.8,0.8,77.56,85,81,4.12
6,Zhigansk,RU,66.77,123.37,few clouds,0.0,0.0,71.35,40,12,2.06
7,Sao Raimundo Das Mangabeiras,BR,-7.02,-45.48,broken clouds,0.0,0.0,78.89,60,53,3.42
8,Hobart,AU,-42.88,147.33,light rain,0.25,0.25,42.01,93,40,1.59
9,Hirado,JP,33.36,129.55,broken clouds,0.0,0.0,71.01,77,75,16.11
10,Saskylakh,RU,71.92,114.08,scattered clouds,0.0,0.0,75.76,36,25,7.18
11,Lisse,NL,52.26,4.56,clear sky,0.0,0.0,60.01,72,0,10.29
12,Upernavik,GL,72.79,-56.15,few clouds,0.0,0.0,38.93,74,14,7.34
13,Yellowknife,CA,62.46,-114.35,few clouds,0.0,0.0,73.4,35,20,16.11
14,Naze,JP,28.37,129.48,broken clouds,0.0,0.0,78.8,88,75,4.7
15,Portland,US,45.52,-122.68,broken clouds,0.0,0.0,88.0,25,75,4.7
16,Kapaa,US,22.08,-159.32,moderate rain,1.27,1.27,82.99,83,75,17.22
17,Rikitea,PF,-23.12,-134.97,light rain,0.18,0.18,74.61,82,100,20.94
18,Gelnhausen,DE,50.2,9.18,overcast clouds,0.0,0.0,60.01,88,89,1.07
19,Chunskiy,RU,56.08,99.63,scattered clouds,0.0,0.0,55.76,92,34,2.84
20,Jamestown,US,42.1,-79.24,moderate rain,1.02,1.02,72.0,88,90,3.36
21,Saint-Philippe,RE,-21.36,55.77,few clouds,0.0,0.0,69.8,73,20,21.92
22,Butaritari,KI,3.07,172.79,light rain,0.22,0.22,82.92,72,91,11.32
23,Nizhnevartovsk,RU,60.93,76.55,overcast clouds,0.0,0.0,46.4,70,94,4.47
24,Bredasdorp,ZA,-34.53,20.04,clear sky,0.0,0.0,50.0,87,0,6.76
25,San Patricio,MX,19.22,-104.7,clear sky,0.0,0.0,86.0,66,5,11.41
26,Nikolskoye,RU,59.7,30.79,few clouds,0.0,0.0,66.2,72,24,11.18
27,Busselton,AU,-33.65,115.33,clear sky,0.0,0.0,42.01,75,0,9.19
28,Eyemouth,GB,55.87,-2.09,broken clouds,0.0,0.0,55.99,93,60,12.88
29,Sorland,NO,67.67,12.69,clear sky,0.0,0.0,51.93,75,6,15.86
30,Ushuaia,AR,-54.8,-68.3,scattered clouds,0.0,0.0,37.4,86,40,2.24
31,Biak,ID,-0.91,122.88,scattered clouds,0.0,0.0,78.13,81,36,6.93
32,Thompson,CA,55.74,-97.86,broken clouds,0.0,0.0,48.2,93,75,6.93
33,Praya,CV,14.92,-23.51,few clouds,0.0,0.0,77.0,69,20,17.22
34,Port Elizabeth,ZA,-33.92,25.57,clear sky,0.0,0.0,59.0,47,0,8.05
35,Ancud,CL,-41.87,-73.82,few clouds,0.0,0.0,46.99,87,20,10.29
36,Mahebourg,MU,-20.41,57.7,broken clouds,0.0,0.0,71.6,68,75,14.99
37,Hermanus,ZA,-34.42,19.23,clear sky,0.0,0.0,53.01,90,0,11.14
38,Entre Rios,BR,-11.94,-38.08,clear sky,0.0,0.0,68.58,96,0,3.31
39,North Platte,US,41.12,-100.77,overcast clouds,0.0,0.0,73.4,46,90,16.11
40,Bani,DO,18.28,-70.33,few clouds,0.0,0.0,89.6,59,20,11.41
41,Bluff,NZ,-46.6,168.33,overcast clouds,0.0,0.0,39.0,83,95,3.0
42,Lleida,ES,41.62,0.62,clear sky,0.0,0.0,66.99,93,0,5.82
43,Mataura,NZ,-46.19,168.86,overcast clouds,0.0,0.0,39.0,83,99,3.0
44,Asau,RO,46.43,26.4,broken clouds,0.0,0.0,61.0,88,76,5.82
45,Nanortalik,GL,60.14,-45.24,light rain,0.34,0.34,38.97,90,100,3.44
46,Anadyr,RU,64.75,177.48,overcast clouds,0.0,0.0,66.2,45,100,4.47
47,Sobolevo,RU,54.43,31.9,overcast clouds,0.0,0.0,61.68,86,100,4.54
48,Hobyo,SO,5.35,48.53,broken clouds,0.0,0.0,79.52,62,83,23.91
49,Susanino,RU,58.15,41.59,overcast clouds,0.0,0.0,60.49,98,100,5.55
50,Mirpur Sakro,PK,24.55,67.63,broken clouds,0.0,0.0,87.8,74,75,4.7
51,Torbay,CA,47.67,-52.73,fog,0.0,0.0,46.0,100,90,9.17
52,Port Blair,IN,11.67,92.75,overcast clouds,0.0,0.0,82.96,82,100,10.18
53,Guerrero Negro,MX,27.98,-114.06,broken clouds,0.0,0.0,71.53,56,56,19.3
54,Vaini,TO,-21.2,-175.2,broken clouds,0.0,0.0,77.0,73,75,12.75
55,Luderitz,NA,-26.65,15.16,clear sky,0.0,0.0,64.4,36,0,5.82
56,Dharchula,IN,29.85,80.53,scattered clouds,0.0,0.0,67.3,66,36,2.24
57,Beringovskiy,RU,63.05,179.32,broken clouds,0.0,0.0,50.65,48,73,5.97
58,Country Club,US,25.95,-80.32,clear sky,0.0,0.0,88.0,66,1,4.7
59,Kilindoni,TZ,-7.91,39.67,clear sky,0.0,0.0,78.8,77,1,20.69
60,Dom Pedrito,BR,-30.98,-54.67,overcast clouds,0.0,0.0,68.05,90,99,8.52
61,Hilo,US,19.73,-155.09,overcast clouds,0.0,0.0,80.6,61,90,4.7
62,Barrow,US,71.29,-156.79,mist,0.0,0.0,35.6,85,90,6.93
63,Cape Town,ZA,-33.93,18.42,clear sky,0.0,0.0,62.01,87,5,5.82
64,Arraial Do Cabo,BR,-22.97,-42.03,overcast clouds,0.0,0.0,73.4,73,100,5.82
65,Tuktoyaktuk,CA,69.45,-133.04,overcast clouds,0.0,0.0,51.8,71,90,11.41
66,Mattru,SL,7.62,-11.83,overcast clouds,0.0,0.0,73.04,97,100,1.83
67,Lokosovo,RU,61.13,74.82,overcast clouds,0.0,0.0,42.24,75,92,1.68
68,Kruisfontein,ZA,-34.0,24.73,clear sky,0.0,0.0,62.35,31,0,15.17
69,Ojuelos De Jalisco,MX,21.87,-101.58,broken clouds,0.0,0.0,77.49,34,70,13.62
70,Qaanaaq,GL,77.48,-69.36,overcast clouds,0.0,0.0,36.54,79,91,1.01
71,Aklavik,CA,68.22,-135.01,light rain,0.0,0.0,51.8,93,90,12.75
72,Yasothon,TH,15.75,104.13,few clouds,0.0,0.0,82.99,94,20,3.36
73,Mount Isa,AU,-20.73,139.5,clear sky,0.0,0.0,60.8,63,0,15.12
74,Olafsvik,IS,64.89,-23.71,overcast clouds,0.0,0.0,51.53,72,100,15.14
75,Salinopolis,BR,-0.61,-47.36,light rain,0.34,0.34,79.18,86,41,12.64
76,Penapolis,BR,-21.42,-50.08,few clouds,0.0,0.0,70.9,62,22,5.03
77,Mar Del Plata,AR,-38.0,-57.56,few clouds,0.0,0.0,54.0,93,23,8.05
78,Clyde River,CA,70.47,-68.59,clear sky,0.0,0.0,33.8,100,5,12.75
79,Lata,PT,40.16,-8.33,clear sky,0.0,0.0,62.01,75,0,1.99
80,Hofn,IS,64.25,-15.21,broken clouds,0.0,0.0,51.89,80,82,13.69
81,Viedma,AR,-40.81,-63.0,clear sky,0.0,0.0,54.72,40,0,15.21
82,Sao Jose Da Coroa Grande,BR,-8.9,-35.15,moderate rain,1.14,1.14,76.95,84,81,13.47
83,Bubaque,GW,11.28,-15.83,overcast clouds,0.0,0.0,82.18,81,96,11.41
84,Namatanai,PG,-3.67,152.43,light rain,0.12,0.12,83.71,74,5,3.36
85,Karratha,AU,-20.74,116.85,clear sky,0.0,0.0,69.01,41,0,12.08
86,Mweka,CD,-4.85,21.57,scattered clouds,0.0,0.0,67.1,51,25,0.49
87,Dunedin,NZ,-45.87,170.5,overcast clouds,0.0,0.0,50.0,66,100,18.01
88,Chuy,UY,-33.7,-53.46,light rain,0.69,0.69,55.92,93,97,7.78
89,Mujiayingzi,CN,42.12,118.78,clear sky,0.0,0.0,74.34,41,0,9.06
90,Muzhi,RU,65.37,64.67,overcast clouds,0.0,0.0,52.59,54,100,12.17
91,Khatanga,RU,71.97,102.5,overcast clouds,0.0,0.0,52.21,68,100,11.77
92,Kaitangata,NZ,-46.28,169.85,overcast clouds,0.0,0.0,46.0,73,89,5.99
93,Phibun Mangsahan,TH,15.24,105.23,overcast clouds,0.0,0.0,77.0,100,100,3.09
94,Kavieng,PG,-2.57,150.8,light rain,0.23,0.23,84.11,74,13,6.6
95,Ponta Do Sol,PT,32.67,-17.1,broken clouds,0.0,0.0,69.8,73,75,11.41
96,Constitucion,CL,-35.33,-72.42,broken clouds,0.0,0.0,53.31,89,75,5.55
97,Jatibonico,CU,21.94,-79.17,light rain,0.67,0.67,83.97,80,86,1.54
98,Hami,CN,42.8,93.45,overcast clouds,0.0,0.0,77.88,28,86,3.15
99,Makakilo City,US,21.35,-158.09,broken clouds,0.0,0.0,86.0,61,75,11.41
100,Narsaq,GL,60.92,-46.05,light intensity shower rain,0.0,0.0,46.4,65,75,12.75
101,Airai,TL,-8.93,125.41,light rain,0.14,0.14,60.71,100,72,4.99
102,Kondinskoye,RU,59.65,67.41,broken clouds,0.0,0.0,44.19,66,56,9.19
103,Yulara,AU,-25.24,130.99,clear sky,0.0,0.0,48.2,49,0,5.82
104,Vakhrushev,RU,48.98,142.97,overcast clouds,0.0,0.0,46.94,88,100,11.72
105,Sadiqabad,PK,28.31,70.13,clear sky,0.0,0.0,90.75,59,0,17.87
106,Champasak,LA,14.75,106.0,overcast clouds,0.0,0.0,75.18,91,99,1.45
107,Omboue,GA,-1.57,9.26,scattered clouds,0.0,0.0,72.09,92,42,3.69
108,New Norfolk,AU,-42.78,147.06,broken clouds,0.0,0.0,48.99,77,51,1.86
109,Kodiak,US,57.79,-152.41,broken clouds,0.0,0.0,53.6,71,75,13.87
110,San Quintin,MX,30.48,-115.95,clear sky,0.0,0.0,68.34,62,0,12.88
111,Fortuna,US,40.6,-124.16,few clouds,0.0,0.0,59.0,87,20,16.11
112,Longyearbyen,SJ,78.22,15.64,few clouds,0.0,0.0,39.2,80,20,3.36
113,Paamiut,GL,61.99,-49.67,overcast clouds,0.0,0.0,38.88,87,95,10.2
114,Cidreira,BR,-30.18,-50.21,overcast clouds,0.0,0.0,64.96,92,90,13.04
115,Bambous Virieux,MU,-20.34,57.76,broken clouds,0.0,0.0,72.0,68,75,14.99
116,Los Andes,CL,-32.83,-70.6,overcast clouds,0.0,0.0,53.01,99,89,1.92
117,Pierre,US,44.37,-100.35,clear sky,0.0,0.0,77.0,38,1,5.82
118,Sola,VU,-13.88,167.55,broken clouds,0.0,0.0,82.4,78,75,10.29
119,East London,ZA,-33.02,27.91,clear sky,0.0,0.0,66.96,32,0,6.15
120,Arlit,NE,18.74,7.39,few clouds,0.0,0.0,95.45,17,15,8.81
121,Garowe,SO,8.41,48.48,overcast clouds,0.0,0.0,81.52,54,89,24.63
122,Ha Tinh,VN,18.33,105.9,broken clouds,0.0,0.0,80.17,76,76,3.62
123,Atuona,PF,-9.8,-139.03,clear sky,0.0,0.0,80.44,75,2,12.8
124,Faanui,PF,-16.48,-151.75,overcast clouds,0.0,0.0,80.1,76,90,3.42
125,Hovd,MN,48.01,91.64,overcast clouds,0.0,0.0,63.34,35,100,4.38
126,Aksu,CN,41.12,80.26,broken clouds,0.0,0.0,67.42,33,82,6.89
127,Port Alfred,ZA,-33.59,26.89,clear sky,0.0,0.0,64.99,42,0,8.99
128,Ulladulla,AU,-35.35,150.47,overcast clouds,0.0,0.0,53.01,100,90,9.57
129,Vila Franca Do Campo,PT,37.72,-25.43,few clouds,0.0,0.0,64.4,88,20,11.41
130,Athabasca,CA,54.72,-113.29,broken clouds,0.0,0.0,68.38,46,52,4.0
131,Sibu,MY,2.3,111.82,fog,0.0,0.0,75.2,94,75,2.24
132,Haines Junction,CA,60.75,-137.51,broken clouds,0.0,0.0,66.6,34,82,6.35
133,Alyangula,AU,-13.85,136.42,clear sky,0.0,0.0,71.6,94,5,1.12
134,Okakarara,NA,-20.58,17.43,clear sky,0.0,0.0,42.96,59,0,5.03
135,Bogotol,RU,56.21,89.53,light rain,0.46,0.46,44.44,96,100,6.8
136,Umm Lajj,SA,25.02,37.27,clear sky,0.0,0.0,77.16,77,0,3.87
137,Sao Filipe,CV,14.9,-24.5,few clouds,0.0,0.0,76.57,76,16,7.9
138,Cairns,AU,-16.92,145.77,broken clouds,0.0,0.0,71.6,73,75,10.29
139,Severo-Kurilsk,RU,50.68,156.12,light rain,0.19,0.19,41.97,91,100,19.06
140,Marsh Harbour,BS,26.54,-77.06,overcast clouds,0.0,0.0,81.03,79,100,10.11
141,Fare,PF,-16.7,-151.02,broken clouds,0.0,0.0,80.65,77,83,4.36
142,Katobu,ID,-4.94,122.53,broken clouds,0.0,0.0,75.81,92,71,4.97
143,Le Port,RE,-20.94,55.29,broken clouds,0.0,0.0,69.8,73,75,20.8
144,Tougue,GN,11.47,-11.6,light rain,0.25,0.25,70.61,87,87,4.74
145,Costinesti,RO,43.95,28.63,broken clouds,0.0,0.0,68.0,82,75,9.17
146,Mbinga,TZ,-10.93,35.02,clear sky,0.0,0.0,59.0,82,5,6.93
147,Port Macquarie,AU,-31.43,152.92,broken clouds,0.0,0.0,53.01,98,84,5.46
148,Boa Vista,BR,2.82,-60.67,shower rain,0.0,0.0,86.0,66,75,1.12
149,Touros,BR,-5.2,-35.46,shower rain,0.0,0.0,75.2,100,75,3.36
150,Vardo,NO,70.37,31.11,scattered clouds,0.0,0.0,42.8,70,40,10.29
151,Jimma,ET,7.67,36.83,scattered clouds,0.0,0.0,57.15,88,35,1.5
152,Glenwood Springs,US,39.55,-107.32,clear sky,0.0,0.0,71.01,28,1,8.05
153,Otterup,DK,55.52,10.4,overcast clouds,0.0,0.0,62.01,10,100,11.86
154,Ketchikan,US,55.34,-131.65,moderate rain,2.79,2.79,60.8,93,90,13.87
155,Ust-Tsilma,RU,65.44,52.15,overcast clouds,0.0,0.0,40.82,77,91,11.25
156,Znamenskoye,RU,57.13,73.83,few clouds,0.0,0.0,35.24,88,21,3.44
157,Souillac,MU,-20.52,57.52,broken clouds,0.0,0.0,71.6,68,75,14.99
158,Ribeira Grande,PT,38.52,-28.7,broken clouds,0.0,0.0,65.03,88,55,16.51
159,Port Lincoln,AU,-34.73,135.87,clear sky,0.0,0.0,54.41,69,2,16.31
160,Chokurdakh,RU,70.63,147.92,few clouds,0.0,0.0,88.84,18,18,12.5
161,Adrar,MR,20.5,-10.07,scattered clouds,0.0,0.0,97.47,15,49,14.07
162,Grindavik,IS,63.84,-22.43,overcast clouds,0.0,0.0,51.8,71,100,9.17
163,Mandera,KE,3.94,41.87,broken clouds,0.0,0.0,79.45,61,77,18.9
164,Parrita,CR,9.52,-84.32,moderate rain,0.0,0.0,71.6,88,75,8.05
165,Tiksi,RU,71.69,128.87,clear sky,0.0,0.0,66.94,39,0,8.3
166,Fairbanks,US,64.84,-147.72,heavy intensity rain,5.46,5.46,55.99,100,90,10.29
167,Veraval,IN,20.9,70.37,light rain,0.11,0.11,85.08,78,96,15.48
168,Vila,PT,42.03,-8.16,clear sky,0.0,0.0,62.01,87,0,2.24
169,Nantucket,US,41.28,-70.1,mist,0.0,0.0,69.01,88,90,9.17
170,Avarua,CK,-21.21,-159.78,clear sky,0.0,0.0,75.2,57,0,6.93
171,Suzhou,CN,31.31,120.62,light rain,0.23,0.23,75.0,80,100,7.31
172,Pangai,TO,-19.8,-174.35,broken clouds,0.0,0.0,78.8,65,75,18.34
173,San Jose De Guanipa,VE,8.89,-64.17,moderate rain,2.02,2.02,80.51,73,54,13.06
174,Lorengau,PG,-2.02,147.27,scattered clouds,0.0,0.0,85.55,67,45,5.44
175,Kadoma,JP,34.73,135.58,broken clouds,0.0,0.0,70.0,73,75,5.82
176,Hyeres,FR,43.12,6.12,clear sky,0.0,0.0,69.01,68,0,11.41
177,Pevek,RU,69.7,170.31,few clouds,0.0,0.0,41.61,69,13,10.51
178,Turukhansk,RU,65.82,87.98,overcast clouds,0.0,0.0,56.21,89,100,3.6
179,Bugiri,UG,0.57,33.74,scattered clouds,0.0,0.0,63.37,90,29,1.16
180,Mount Gambier,AU,-37.83,140.77,broken clouds,0.0,0.0,46.4,100,75,8.05
181,Cherskiy,RU,68.75,161.3,scattered clouds,0.0,0.0,80.11,27,41,5.26
182,Kahului,US,20.89,-156.47,scattered clouds,0.0,0.0,86.0,48,40,18.34
183,Prienai,LT,54.63,23.95,broken clouds,0.0,0.0,66.2,82,59,2.24
184,Carnarvon,AU,-24.87,113.63,clear sky,0.0,0.0,51.8,87,0,5.82
185,Carthage,TN,36.86,10.33,scattered clouds,0.0,0.0,73.4,73,40,13.87
186,Susanville,US,40.42,-120.65,clear sky,0.0,0.0,84.2,14,1,4.7
187,Majene,ID,-3.54,118.97,broken clouds,0.0,0.0,78.69,86,72,11.63
188,Pontianak,ID,-0.03,109.33,overcast clouds,0.0,0.0,74.25,95,100,4.36
189,Hasaki,JP,35.73,140.83,few clouds,0.0,0.0,70.0,82,20,2.24
190,Victoria,HK,22.29,114.16,overcast clouds,0.0,0.0,84.0,74,89,3.0
191,Mamit,IN,23.93,92.48,overcast clouds,0.0,0.0,71.15,100,100,1.36
192,Wawa,NG,9.9,4.42,overcast clouds,0.0,0.0,77.85,82,99,3.91
193,Bathsheba,BB,13.22,-59.52,shower rain,0.0,0.0,80.6,88,40,11.41
194,Goderich,CA,43.75,-81.72,scattered clouds,0.0,0.0,77.0,61,29,4.14
195,Songling,CN,31.19,120.72,moderate rain,1.05,1.05,75.0,80,100,7.61
196,Katsuura,JP,35.13,140.3,clear sky,0.0,0.0,73.0,71,10,3.0
197,Tabou,CI,4.42,-7.35,broken clouds,0.0,0.0,78.22,76,76,4.63
198,Sanchor,IN,24.76,71.77,clear sky,0.0,0.0,87.21,68,0,16.15
199,Paita,PE,-5.09,-81.11,clear sky,0.0,0.0,66.27,82,2,17.27
200,Bay Roberts,CA,47.6,-53.26,scattered clouds,0.0,0.0,46.0,1,50,4.0
201,Tabas,IR,33.6,56.92,clear sky,0.0,0.0,91.4,13,1,2.24
202,Troitsko-Pechorsk,RU,62.71,56.2,light rain,0.16,0.16,48.78,88,100,17.6
203,Udachnyy,RU,66.42,112.4,scattered clouds,0.0,0.0,64.4,52,38,4.47
204,Hualmay,PE,-11.1,-77.61,clear sky,0.0,0.0,63.68,82,10,11.68
205,Hokitika,NZ,-42.72,170.97,clear sky,0.0,0.0,55.99,58,8,2.89
206,Plettenberg Bay,ZA,-34.05,23.37,clear sky,0.0,0.0,69.35,35,0,11.5
207,Manta,EC,-0.95,-80.73,clear sky,0.0,0.0,82.4,74,8,10.29
208,Lebu,CL,-37.62,-73.65,light rain,0.31,0.31,52.16,87,91,13.38
209,Hithadhoo,MV,-0.6,73.08,moderate rain,2.23,2.23,83.28,72,100,8.57
210,Yar-Sale,RU,66.83,70.83,overcast clouds,0.0,0.0,42.46,66,94,14.56
211,Dikson,RU,73.51,80.55,clear sky,0.0,0.0,34.72,88,0,1.52
212,Leh,IN,34.17,77.58,broken clouds,0.0,0.0,49.33,47,53,5.19
213,Henties Bay,NA,-22.12,14.28,clear sky,0.0,0.0,69.01,30,0,4.83
214,Sioux Lookout,CA,50.1,-91.92,broken clouds,0.0,0.0,60.8,67,75,9.17
215,Bonavista,CA,48.65,-53.11,overcast clouds,0.0,0.0,44.1,93,89,9.69
216,Cam Ranh,VN,11.92,109.16,few clouds,0.0,0.0,82.4,74,20,2.24
217,Den Helder,NL,52.96,4.76,clear sky,0.0,0.0,59.0,87,3,8.05
218,Bereznik,RU,62.86,42.71,scattered clouds,0.0,0.0,40.59,81,27,5.5
219,Tuatapere,NZ,-46.13,167.68,overcast clouds,0.0,0.0,39.0,83,90,3.0
220,Vyartsilya,RU,62.18,30.69,clear sky,0.0,0.0,51.15,73,7,7.52
221,Pudozh,RU,61.81,36.53,clear sky,0.0,0.0,46.31,80,0,6.69
222,Qaqortoq,GL,60.72,-46.03,light intensity shower rain,0.0,0.0,46.4,65,75,12.75
223,Sept-Iles,CA,50.2,-66.38,broken clouds,0.0,0.0,59.0,67,75,16.11
224,Mwanza,TZ,-2.52,32.9,few clouds,0.0,0.0,68.0,88,20,8.05
225,Trairi,BR,-3.28,-39.27,few clouds,0.0,0.0,78.49,80,15,9.95
226,Altamira,BR,-3.2,-52.21,broken clouds,0.0,0.0,86.0,66,75,3.36
227,Ostersund,SE,63.18,14.64,clear sky,0.0,0.0,66.2,68,0,12.75
228,Clarksville,US,36.53,-87.36,clear sky,0.0,0.0,87.8,43,1,8.05
229,Monrovia,LR,6.3,-10.8,scattered clouds,0.0,0.0,78.8,88,40,4.56
230,Palasa,IN,18.77,84.42,overcast clouds,0.0,0.0,83.95,71,100,5.14
231,Castro,BR,-24.79,-50.01,clear sky,0.0,0.0,58.91,93,1,4.72
232,Boffa,GN,10.17,-14.03,light rain,0.39,0.39,78.48,87,100,4.68
233,Santa Rosa,PH,14.31,121.11,broken clouds,0.0,0.0,80.6,88,75,1.12
234,Asha,RU,55.0,57.27,clear sky,0.0,0.0,45.54,90,0,2.19
235,Ailigandi,PA,9.23,-78.02,overcast clouds,0.0,0.0,83.44,78,87,5.37
236,Miandrivazo,MG,-19.52,45.47,broken clouds,0.0,0.0,71.6,52,59,3.96
237,Hervey Bay,AU,-25.3,152.85,light rain,0.25,0.25,60.01,95,45,5.99
238,Jiayuguan,CN,39.82,98.3,broken clouds,0.0,0.0,73.81,24,65,5.77
239,Labuhan,ID,-6.88,112.21,overcast clouds,0.0,0.0,76.19,84,85,9.04
240,Ajaccio,FR,42.0,8.92,scattered clouds,0.0,0.0,59.0,67,47,6.93
241,Los Llanos De Aridane,ES,28.66,-17.92,clear sky,0.0,0.0,73.4,73,9,13.87
242,Evensk,RU,61.95,159.23,broken clouds,0.0,0.0,59.38,70,71,4.43
243,Ostashkov,RU,57.15,33.11,light rain,0.4,0.4,63.57,95,40,5.37
244,Kungurtug,RU,50.6,97.52,broken clouds,0.0,0.0,50.0,72,58,0.92
245,Langsa,ID,4.47,97.97,overcast clouds,0.0,0.0,74.14,95,99,2.53
246,Itarema,BR,-2.92,-39.92,scattered clouds,0.0,0.0,77.76,85,45,11.97
247,Sao Joao Da Barra,BR,-21.64,-41.05,overcast clouds,0.0,0.0,75.2,69,99,9.17
248,Shingu,JP,33.73,135.98,overcast clouds,0.0,0.0,70.84,70,100,3.29
249,Ostrovnoy,RU,68.05,39.51,overcast clouds,0.0,0.0,42.12,80,87,21.99
250,Mananjary,MG,-21.22,48.33,light rain,0.37,0.37,66.87,84,96,3.04
251,Mapiri,BO,-15.25,-68.17,few clouds,0.0,0.0,70.83,83,18,1.61
252,Adre,TD,13.47,22.2,scattered clouds,0.0,0.0,80.74,60,32,6.53
253,Tilichiki,RU,60.47,166.1,scattered clouds,0.0,0.0,57.94,70,31,4.52
254,San Rafael,AR,-34.62,-68.33,scattered clouds,0.0,0.0,52.81,44,38,4.79
255,Buraydah,SA,26.33,43.98,clear sky,0.0,0.0,87.8,20,0,5.82
256,Rosarito,MX,32.33,-117.03,clear sky,0.0,0.0,75.99,60,5,14.99
257,Lompoc,US,34.64,-120.46,few clouds,0.0,0.0,68.0,68,14,13.87
258,Ati,TD,13.22,18.34,few clouds,0.0,0.0,84.27,50,13,11.59
259,Kichmengskiy Gorodok,RU,59.98,45.79,overcast clouds,0.0,0.0,54.95,92,95,11.41
260,Bulgan,MN,48.81,103.53,broken clouds,0.0,0.0,57.43,79,51,3.36
261,Klaksvik,FO,62.23,-6.59,broken clouds,0.0,0.0,51.8,87,83,18.34
262,Catende,BR,-8.67,-35.72,light rain,0.7,0.7,72.39,89,84,6.38
263,Mankono,CI,8.06,-6.19,overcast clouds,0.0,0.0,72.52,95,98,4.52
264,Talnakh,RU,69.49,88.4,broken clouds,0.0,0.0,42.8,100,75,13.42
265,San Rafael Del Sur,NI,11.85,-86.44,light intensity drizzle,0.0,0.0,91.4,55,20,9.17
266,Lerik,AZ,38.77,48.41,clear sky,0.0,0.0,71.6,56,0,5.82
267,Dingle,PH,11.0,122.67,broken clouds,0.0,0.0,79.66,76,57,3.58
268,Khandyga,RU,62.67,135.6,clear sky,0.0,0.0,72.1,52,10,3.67
269,Harper,LR,4.38,-7.72,overcast clouds,0.0,0.0,78.13,76,98,4.38
270,Ambilobe,MG,-13.2,49.05,moderate rain,2.23,2.23,69.35,95,100,2.01
271,Sanary-Sur-Mer,FR,43.12,5.8,clear sky,0.0,0.0,66.0,80,0,4.0
272,Mezen,RU,65.85,44.24,overcast clouds,0.0,0.0,41.58,77,98,14.45
273,Elban,RU,50.1,136.51,broken clouds,0.0,0.0,57.31,68,55,10.71
274,Kathu,TH,7.92,98.33,few clouds,0.0,0.0,77.0,100,20,8.19
275,Meulaboh,ID,4.14,96.13,overcast clouds,0.0,0.0,76.24,87,100,4.54
276,La Ronge,CA,55.1,-105.28,light intensity shower rain,0.0,0.0,42.8,87,90,6.93
277,Portobelo,PA,9.55,-79.65,overcast clouds,0.0,0.0,84.99,78,99,8.99
278,Joshimath,IN,30.57,79.57,broken clouds,0.0,0.0,60.8,51,75,4.21
279,Cayenne,GF,4.93,-52.33,broken clouds,0.0,0.0,82.4,83,75,3.36
280,Bereda,ES,43.27,-7.54,few clouds,0.0,0.0,57.99,94,12,1.61
281,Robore,BO,-18.33,-59.75,clear sky,0.0,0.0,79.41,53,0,7.85
282,Marawi,PH,8.0,124.29,broken clouds,0.0,0.0,73.99,89,80,5.01
283,Codrington,AU,-38.27,141.97,broken clouds,0.0,0.0,50.61,87,64,11.3
284,Tual,ID,-5.67,132.75,overcast clouds,0.0,0.0,80.62,77,94,22.37
285,Lavrentiya,RU,65.58,-171.0,scattered clouds,0.0,0.0,55.87,39,32,11.92
286,Hilton Head Island,US,32.22,-80.75,light rain,0.25,0.25,78.8,83,40,4.7
287,Kiunga,PG,-6.12,141.29,broken clouds,0.0,0.0,75.61,92,72,3.13
288,Aktash,RU,50.3,87.73,clear sky,0.0,0.0,40.68,78,2,3.22
289,Kieta,PG,-6.22,155.63,clear sky,0.0,0.0,83.91,68,5,1.28
290,Raton,US,36.9,-104.44,moderate rain,1.27,1.27,69.01,63,40,10.29
291,Negombo,LK,7.21,79.84,scattered clouds,0.0,0.0,82.4,88,40,2.24
292,Divnomorskoye,RU,44.5,38.14,overcast clouds,0.0,0.0,68.45,80,100,5.55
293,Mana,GF,5.66,-53.78,scattered clouds,0.0,0.0,78.67,86,33,8.12
294,Puerto Madero,MX,14.72,-92.42,broken clouds,0.0,0.0,82.4,83,75,4.7
295,Alice Springs,AU,-23.7,133.88,clear sky,0.0,0.0,48.2,61,0,8.05
296,Dudinka,RU,69.41,86.18,broken clouds,0.0,0.0,42.8,100,75,13.42
297,Makambako,TZ,-8.85,34.82,clear sky,0.0,0.0,53.31,83,8,9.51
298,Road Town,VG,18.42,-64.62,scattered clouds,0.0,0.0,84.2,70,40,11.41
299,Temir,KZ,49.14,57.13,clear sky,0.0,0.0,59.72,37,0,11.36
300,Svetlogorsk,BY,52.63,29.73,broken clouds,0.0,0.0,63.57,92,82,2.21
301,Along,IN,28.17,94.77,broken clouds,0.0,0.0,73.42,88,76,0.38
302,Xining,CN,36.62,101.77,broken clouds,0.0,0.0,60.89,56,67,3.0
303,Rio Gallegos,AR,-51.62,-69.22,scattered clouds,0.0,0.0,32.0,86,34,6.93
304,Grand Gaube,MU,-20.01,57.66,overcast clouds,0.0,0.0,72.0,71,92,8.01
305,Lasa,IT,46.62,10.7,broken clouds,0.0,0.0,46.4,87,75,6.93
306,Ust-Uda,RU,54.17,103.03,overcast clouds,0.0,0.0,57.18,87,94,4.09
307,Savannakhet,LA,16.57,104.75,overcast clouds,0.0,0.0,77.27,86,86,1.99
308,Clonakilty,IE,51.62,-8.87,few clouds,0.0,0.0,52.0,87,20,5.82
309,Tulu Bolo,ET,8.67,38.22,broken clouds,0.0,0.0,58.24,80,52,6.49
310,Kaoma,ZM,-14.78,24.8,scattered clouds,0.0,0.0,49.01,79,31,5.41
311,Kamaishi,JP,39.27,141.88,light rain,0.16,0.16,68.2,76,30,5.21
312,Gilgit,PK,35.92,74.31,light rain,0.31,0.31,69.35,38,55,0.36
313,Synya,RU,65.37,58.04,light rain,0.61,0.61,39.51,91,100,14.9
314,Kautokeino,NO,69.01,23.04,few clouds,0.0,0.0,44.35,68,20,2.68
315,Kumbo,CM,6.2,10.67,overcast clouds,0.0,0.0,58.39,95,99,1.05
316,Inhambane,MZ,-23.86,35.38,clear sky,0.0,0.0,65.5,83,2,6.93
317,Erie,US,42.77,-78.67,shower rain,0.25,0.25,82.4,48,75,5.82
318,Bethel,US,41.37,-73.41,scattered clouds,0.0,0.0,81.0,54,40,8.05
319,Ayia Marina,GR,37.75,23.53,clear sky,0.0,0.0,77.0,59,0,12.84
320,Zaysan,KZ,47.47,84.87,clear sky,0.0,0.0,55.24,62,0,3.15
321,Praia Da Vitoria,PT,38.73,-27.07,broken clouds,0.0,0.0,68.0,82,75,7.7
322,Luau,AO,-10.71,22.22,clear sky,0.0,0.0,55.44,50,0,5.03
323,Ixtapa,MX,20.7,-105.2,clear sky,0.0,0.0,84.99,70,5,8.05
324,Tasiilaq,GL,65.61,-37.64,light rain,0.16,0.16,37.78,91,97,3.69
325,Rafraf,TN,37.19,10.18,few clouds,0.0,0.0,73.4,83,20,8.05
326,Tiznit,MA,29.58,-9.5,clear sky,0.0,0.0,65.59,70,0,4.38
327,Nhlangano,SZ,-27.12,31.2,clear sky,0.0,0.0,45.63,96,0,3.4
328,Bardiyah,LY,31.76,25.09,clear sky,0.0,0.0,72.01,69,0,14.94
329,Saint George,US,37.1,-113.58,clear sky,0.0,0.0,95.0,7,1,4.7
330,Hambantota,LK,6.12,81.12,few clouds,0.0,0.0,82.4,78,20,10.29
331,Half Moon Bay,US,37.46,-122.43,clear sky,0.0,0.0,82.0,56,5,11.41
332,Havre-Saint-Pierre,CA,50.23,-63.6,overcast clouds,0.0,0.0,51.8,93,90,11.41
333,Chapais,CA,49.78,-74.85,clear sky,0.0,0.0,87.8,25,1,12.75
334,Turkmenabat,TM,39.07,63.58,clear sky,0.0,0.0,68.0,40,0,4.7
335,Necochea,AR,-38.55,-58.74,clear sky,0.0,0.0,51.01,75,9,3.0
336,Escanaba,US,45.75,-87.06,few clouds,0.0,0.0,82.0,57,20,9.17
337,Narok,KE,-1.08,35.86,broken clouds,0.0,0.0,55.98,90,59,2.06
338,Lagoa,PT,39.05,-27.98,broken clouds,0.0,0.0,64.87,89,60,20.8
339,Nome,US,64.5,-165.41,broken clouds,0.0,0.0,70.0,67,75,8.05
340,Bairiki,KI,1.33,172.98,few clouds,0.0,0.0,86.0,70,20,4.7
341,Nouadhibou,MR,20.93,-17.03,clear sky,0.0,0.0,71.6,73,0,18.34
342,Norman Wells,CA,65.28,-126.83,broken clouds,0.0,0.0,80.6,36,75,6.93
343,Svetlyy,RU,54.67,20.13,scattered clouds,0.0,0.0,66.2,82,40,8.95
344,Pareora,NZ,-44.49,171.21,broken clouds,0.0,0.0,46.99,94,73,4.83
345,Cap Malheureux,MU,-19.98,57.61,overcast clouds,0.0,0.0,72.0,71,89,8.01
346,Geraldton,AU,-28.77,114.6,clear sky,0.0,0.0,48.2,70,0,9.17
347,Maniitsoq,GL,65.42,-52.9,overcast clouds,0.0,0.0,37.69,88,100,18.77
348,Jumla,NP,29.27,82.18,light rain,0.58,0.58,61.25,71,94,1.32
349,Lerwick,GB,60.15,-1.15,fog,0.0,0.0,53.6,100,65,6.93
350,Banka,IN,24.88,86.92,overcast clouds,0.0,0.0,82.08,82,93,7.81
351,Ilulissat,GL,69.22,-51.1,few clouds,0.0,0.0,55.4,30,20,18.34
352,Bengkulu,ID,-3.8,102.27,scattered clouds,0.0,0.0,74.3,85,36,3.49
353,Mayo,US,38.89,-76.51,clear sky,0.0,0.0,79.0,57,1,13.87
354,Barbastro,ES,42.04,0.13,clear sky,0.0,0.0,66.99,88,0,3.36
355,Coolum Beach,AU,-26.53,153.1,broken clouds,0.0,0.0,60.01,95,84,1.99
356,Serafimovich,RU,49.58,42.74,broken clouds,0.0,0.0,66.56,65,84,10.18
357,Nemuro,JP,43.32,145.57,light rain,0.49,0.49,52.66,98,100,7.76
358,Russell,US,32.35,-85.2,broken clouds,0.0,0.0,91.4,38,75,8.05
359,Port Augusta,AU,-32.5,137.77,clear sky,0.0,0.0,50.0,87,0,9.17
360,Port Hardy,CA,50.7,-127.42,overcast clouds,0.0,0.0,64.4,82,90,8.05
361,Brae,GB,60.4,-1.35,broken clouds,0.0,0.0,53.6,100,80,3.36
362,Baoding,CN,38.85,115.49,light rain,0.36,0.36,77.27,54,96,8.77
363,Kapit,MY,2.02,112.93,light rain,0.26,0.26,74.95,95,100,1.21
364,Taicheng,CN,38.73,113.23,scattered clouds,0.0,0.0,67.87,66,36,1.05
365,Chipinge,ZW,-20.19,32.62,scattered clouds,0.0,0.0,48.15,100,40,0.07
366,Harqalah,TN,36.03,10.51,few clouds,0.0,0.0,75.99,53,18,23.04
367,Pisco,PE,-13.7,-76.22,clear sky,0.0,0.0,66.2,77,1,14.99
368,Talcahuano,CL,-36.72,-73.12,few clouds,0.0,0.0,53.6,93,20,4.7
369,Valdivia,CL,-39.81,-73.25,broken clouds,0.0,0.0,50.0,87,75,10.29
370,Erzin,TR,36.96,36.2,light rain,0.39,0.39,69.01,90,89,1.99
371,Tautira,PF,-17.73,-149.15,scattered clouds,0.0,0.0,86.0,70,40,3.36
372,Hamilton,US,39.18,-84.53,scattered clouds,0.0,0.0,89.01,38,40,8.05
373,Salinas,US,36.68,-121.66,clear sky,0.0,0.0,75.99,60,1,17.22
374,Tadine,NC,-21.55,167.88,clear sky,0.0,0.0,72.1,76,10,15.28
375,Villa Carlos Paz,AR,-31.42,-64.5,clear sky,0.0,0.0,62.01,44,0,1.12
376,Vao,NC,-22.67,167.48,few clouds,0.0,0.0,69.39,83,13,23.13
377,Akyab,MM,20.15,92.9,light rain,0.75,0.75,80.92,86,100,11.52
378,Atambua,ID,-9.11,124.89,scattered clouds,0.0,0.0,73.49,83,50,6.55
379,Nuuk,GL,64.18,-51.72,broken clouds,0.0,0.0,37.4,90,75,12.75
380,Puri,IN,19.8,85.85,mist,0.0,0.0,84.2,89,75,5.82
381,Riga,LV,57.0,24.08,few clouds,0.0,0.0,66.2,82,20,2.24
382,Tavda,RU,58.04,65.27,overcast clouds,0.0,0.0,47.57,69,100,7.65
383,Almunecar,ES,36.73,-3.69,clear sky,0.0,0.0,70.0,71,0,2.06
384,Margate,GB,51.38,1.39,clear sky,0.0,0.0,57.99,83,0,1.01
385,Camacha,PT,33.08,-16.33,scattered clouds,0.0,0.0,68.0,82,40,8.05
386,Avera,US,33.19,-82.53,clear sky,0.0,0.0,89.6,38,1,5.82
387,Qui Nhon,VN,13.77,109.23,overcast clouds,0.0,0.0,79.72,84,86,3.27
388,Saldanha,ZA,-33.01,17.94,clear sky,0.0,0.0,60.8,72,0,3.36
389,Lincoln,US,40.8,-96.67,overcast clouds,0.0,0.0,75.2,60,90,10.29
390,Krasnyy Chikoy,RU,50.36,108.75,broken clouds,0.0,0.0,61.36,78,70,3.22
391,Maceio,BR,-9.67,-35.74,broken clouds,0.0,0.0,77.0,83,75,6.93
392,Bandar-E Lengeh,IR,26.56,54.88,clear sky,0.0,0.0,87.69,72,0,7.38
393,Novobelokatay,RU,55.71,58.95,few clouds,0.0,0.0,44.65,82,15,4.32
394,Jaleswar,NP,26.65,85.8,light rain,0.58,0.58,80.17,83,100,14.07
395,Kendari,ID,-3.94,122.5,moderate rain,2.15,2.15,74.41,96,100,3.65
396,Tigil,RU,57.8,158.67,scattered clouds,0.0,0.0,64.54,60,25,7.52
397,Rio Grande,BR,-32.03,-52.1,light rain,0.2,0.2,59.0,95,82,1.99
398,Belaya Gora,RU,68.53,146.42,scattered clouds,0.0,0.0,87.84,20,33,8.25
399,Matehuala,MX,23.65,-100.65,broken clouds,0.0,0.0,82.62,35,65,11.05
400,Huambo,AO,-12.78,15.74,clear sky,0.0,0.0,49.26,56,8,1.61
401,Saint Anthony,US,45.02,-93.22,overcast clouds,0.0,0.0,75.99,47,90,6.93
402,Guasdualito,VE,7.24,-70.73,light rain,0.21,0.21,76.89,88,9,3.44
403,Saint-Georges,GD,12.06,-61.75,few clouds,0.0,0.0,84.2,74,20,8.05
404,Broome,US,42.25,-75.83,thunderstorm,0.0,0.0,75.0,64,20,4.7
405,Kununurra,AU,-15.77,128.73,clear sky,0.0,0.0,62.6,38,0,3.36
406,Tezu,IN,27.92,96.17,broken clouds,0.0,0.0,77.88,73,82,1.86
407,Angoram,PG,-4.06,144.07,light rain,0.33,0.33,79.23,92,31,2.53
408,Alofi,NU,-19.06,-169.92,few clouds,0.0,0.0,77.0,69,11,16.11
409,Nazas,MX,25.23,-104.13,scattered clouds,0.0,0.0,92.73,21,32,8.14
410,Poum,NC,-20.23,164.02,few clouds,0.0,0.0,71.85,77,16,8.28
411,Malanje,AO,-9.54,16.34,clear sky,0.0,0.0,57.18,46,0,0.94
412,Iquitos,PE,-3.75,-73.25,broken clouds,0.0,0.0,80.6,83,75,3.36
413,Sharjah,AE,25.36,55.4,clear sky,0.0,0.0,93.2,71,0,8.05
414,Isiro,CD,2.77,27.62,overcast clouds,0.0,0.0,65.68,97,99,0.85
415,Pyshma,RU,56.95,63.25,overcast clouds,0.0,0.0,49.77,68,100,9.64
416,Port-Gentil,GA,-0.72,8.78,few clouds,0.0,0.0,75.2,94,20,5.82
417,Dunmore Town,BS,25.5,-76.65,overcast clouds,0.0,0.0,80.83,81,100,10.0
418,Maltahohe,NA,-24.83,16.98,clear sky,0.0,0.0,47.39,48,0,6.08
419,Novo Horizonte,BR,-21.47,-49.22,clear sky,0.0,0.0,68.72,64,0,5.61
420,Koungou,YT,-12.73,45.2,light rain,0.0,0.0,77.0,73,75,17.22
421,Uhlove,UA,44.82,33.6,scattered clouds,0.0,0.0,69.57,83,50,3.4
422,Champaign,US,40.13,-88.2,few clouds,0.0,0.0,89.6,33,20,9.17
423,Solana Beach,US,32.99,-117.27,overcast clouds,0.0,0.0,73.99,64,90,11.41
424,Redmond,US,47.67,-122.12,light rain,0.25,0.25,82.0,46,98,3.04
425,Moose Factory,CA,51.26,-80.61,thunderstorm,0.0,0.0,66.2,77,90,3.36
426,Bagrami,AF,34.49,69.27,scattered clouds,0.0,0.0,71.6,21,46,11.41
427,Ahipara,NZ,-35.17,173.17,light rain,0.79,0.79,58.39,81,82,7.2
428,Lichinga,MZ,-13.31,35.24,broken clouds,0.0,0.0,50.54,100,73,4.99
429,Sayula,MX,19.87,-103.62,smoke,0.0,0.0,84.2,62,40,17.22
430,Saint-Joseph,RE,-21.37,55.62,few clouds,0.0,0.0,69.8,73,20,21.92
431,Bambanglipuro,ID,-7.95,110.28,overcast clouds,0.0,0.0,76.28,86,100,6.67
432,Deputatskiy,RU,69.3,139.9,clear sky,0.0,0.0,77.54,27,0,4.5
433,Merauke,ID,-8.47,140.33,broken clouds,0.0,0.0,79.81,78,64,17.49
434,Coihaique,CL,-45.58,-72.07,broken clouds,0.0,0.0,41.0,80,75,11.41
435,Garden City,US,42.33,-83.33,broken clouds,0.0,0.0,91.4,45,75,2.37
436,Srednekolymsk,RU,67.45,153.68,clear sky,0.0,0.0,85.44,23,2,13.96
437,Havoysund,NO,71.0,24.66,broken clouds,0.0,0.0,42.8,70,75,12.75
438,Provideniya,RU,64.38,-173.3,broken clouds,0.0,0.0,61.14,36,78,1.83
439,Manzhouli,CN,49.6,117.43,scattered clouds,0.0,0.0,63.7,75,33,8.3
440,Abashiri,JP,44.02,144.27,overcast clouds,0.0,0.0,52.84,93,100,9.48
441,Yerbogachen,RU,61.28,108.01,scattered clouds,0.0,0.0,63.0,58,37,2.28
442,Smithers,CA,54.78,-127.17,light rain,0.0,0.0,64.4,72,90,5.82
443,Coahuayana,MX,18.73,-103.68,smoke,0.0,0.0,84.2,62,40,17.22
444,Vestmannaeyjar,IS,63.44,-20.27,overcast clouds,0.0,0.0,50.92,83,100,15.05
445,Zhob,PK,31.34,69.45,clear sky,0.0,0.0,81.03,16,0,14.16
446,Pontal Do Parana,BR,-25.65,-48.51,few clouds,0.0,0.0,60.01,84,19,3.18
447,Rawson,AR,-43.3,-65.1,clear sky,0.0,0.0,51.66,46,2,17.25
448,Guadalupe Y Calvo,MX,26.1,-106.97,light rain,0.41,0.41,69.57,52,87,2.15
449,Dargaville,NZ,-35.93,173.88,moderate rain,1.94,1.94,55.83,90,100,6.11
450,Mingoyo,TZ,-10.1,39.63,clear sky,0.0,0.0,66.96,90,1,4.56
451,Bandarbeyla,SO,9.49,50.81,overcast clouds,0.0,0.0,81.81,66,98,27.16
452,Sevlievo,BG,43.03,25.11,clear sky,0.0,0.0,59.0,90,0,7.09
453,Itoman,JP,26.12,127.67,shower rain,0.0,0.0,82.4,88,75,14.99
454,Secovce,SK,48.7,21.66,scattered clouds,0.0,0.0,63.0,93,40,3.36
455,Cabo San Lucas,MX,22.89,-109.91,clear sky,0.0,0.0,89.6,33,5,9.17
456,Kidal,ML,18.44,1.41,scattered clouds,0.0,0.0,90.27,23,40,4.97
457,Sangar,RU,63.92,127.47,broken clouds,0.0,0.0,70.56,53,68,7.16
458,Sinjar,IQ,36.32,41.88,clear sky,0.0,0.0,73.72,48,0,5.03
459,Soyo,AO,-6.13,12.37,clear sky,0.0,0.0,72.88,90,2,3.91
460,Chiredzi,ZW,-21.05,31.67,broken clouds,0.0,0.0,53.78,93,66,4.43
461,Puerto Carreno,CO,6.19,-67.49,scattered clouds,0.0,0.0,87.8,58,40,8.05
462,Ucluelet,CA,48.93,-125.55,light intensity shower rain,0.0,0.0,62.01,100,90,2.24
463,Asosa,ET,10.07,34.53,overcast clouds,0.0,0.0,62.49,89,100,1.99
464,Opuwo,NA,-18.06,13.84,clear sky,0.0,0.0,54.5,42,7,8.32
465,Pospelikha,RU,51.95,81.77,few clouds,0.0,0.0,45.21,93,21,6.51
466,Iqaluit,CA,63.75,-68.51,overcast clouds,0.0,0.0,41.0,75,90,13.87
467,Bac Lieu,VN,9.29,105.72,moderate rain,2.4,2.4,81.59,81,100,3.85
468,Patti,IN,31.28,74.86,mist,0.0,0.0,82.4,78,20,6.93
469,Acari,PE,-15.43,-74.62,scattered clouds,0.0,0.0,64.04,69,28,4.52
470,Ossora,RU,59.24,163.07,clear sky,0.0,0.0,56.91,68,0,7.72
471,Pangnirtung,CA,66.15,-65.71,scattered clouds,0.0,0.0,39.2,86,40,11.41
472,Cabra,ES,37.47,-4.44,clear sky,0.0,0.0,72.0,49,0,2.59
473,Indi,IN,17.17,75.97,overcast clouds,0.0,0.0,76.48,80,100,14.52
474,Kashi,CN,39.45,75.98,scattered clouds,0.0,0.0,71.6,18,40,13.42
475,Muli,MV,2.92,73.57,overcast clouds,0.0,0.0,83.46,78,97,9.84
476,Ganzhou,CN,28.82,115.43,moderate rain,1.34,1.34,72.01,91,87,1.81
477,Itaituba,BR,-4.28,-55.98,clear sky,0.0,0.0,78.24,64,0,2.53
478,Sayyan,YE,15.17,44.32,broken clouds,0.0,0.0,67.06,55,64,2.66
479,Khilok,RU,51.37,110.47,overcast clouds,0.0,0.0,60.28,50,90,3.56
480,Kargasok,RU,59.06,80.86,few clouds,0.0,0.0,37.81,92,18,5.91
481,Komsomolskiy,UZ,40.43,71.72,light rain,0.11,0.11,69.8,43,2,4.7
482,Sevojno,RS,43.84,19.9,few clouds,0.0,0.0,53.6,100,21,3.36
483,Valparaiso,CL,-33.04,-71.63,fog,0.0,0.0,57.2,100,90,5.82
484,Dangara,IN,29.68,75.89,broken clouds,0.0,0.0,98.91,20,75,3.76
485,Lebyazhye,RU,55.27,66.49,broken clouds,0.0,0.0,42.93,69,62,6.49
486,Natchez,US,31.56,-91.4,clear sky,0.0,0.0,89.6,43,1,3.36
487,Maine-Soroa,NE,13.21,12.02,scattered clouds,0.0,0.0,88.03,34,25,6.04
488,Kamarion,GR,36.8,25.82,clear sky,0.0,0.0,75.0,60,0,5.99
489,Flinders,AU,-34.58,150.86,clear sky,0.0,0.0,63.0,94,5,1.99
490,Bud,US,39.45,-86.18,overcast clouds,0.0,0.0,88.0,40,90,3.36
491,San Carlos De Bariloche,AR,-41.15,-71.31,shower rain,0.0,0.0,37.4,86,75,16.11
492,Roald,NO,62.58,6.13,scattered clouds,0.0,0.0,64.0,72,38,9.17
493,Esperance,AU,-33.87,121.9,scattered clouds,0.0,0.0,44.6,93,40,5.82
494,Gondanglegi,ID,-7.75,112.01,broken clouds,0.0,0.0,74.73,83,76,13.85
495,Champerico,GT,14.3,-91.92,thunderstorm with rain,0.0,0.0,75.2,94,90,6.93
496,Oktyabrskoye,RU,43.06,44.74,overcast clouds,0.0,0.0,68.0,88,99,4.47
497,Tonj,SS,7.27,28.68,overcast clouds,0.0,0.0,72.75,88,100,3.4
498,San Martin,AR,-33.08,-68.47,few clouds,0.0,0.0,62.6,51,16,8.99
499,Rorvik,NO,64.86,11.24,scattered clouds,0.0,0.0,59.41,68,33,9.4
500,Aksarka,RU,66.56,67.8,overcast clouds,0.0,0.0,50.29,51,99,13.8
501,Wollongong,AU,-34.43,150.88,clear sky,0.0,0.0,63.0,94,0,1.99
502,Muros,ES,42.78,-9.06,scattered clouds,0.0,0.0,63.0,85,39,1.99
503,Waipawa,NZ,-41.41,175.52,broken clouds,0.0,0.0,60.01,96,80,3.76
504,Gamba,GA,-2.65,10.0,broken clouds,0.0,0.0,71.92,94,80,3.06
505,Parsabad,IR,39.65,47.92,clear sky,0.0,0.0,69.8,52,5,4.7
506,Bichura,RU,50.59,107.6,broken clouds,0.0,0.0,60.48,72,82,3.13
507,Kirakira,SB,-10.45,161.92,moderate rain,1.18,1.18,82.29,77,30,9.8
508,Gat,IL,31.61,34.76,few clouds,0.0,0.0,73.99,78,20,5.82
509,Sovetskiy,RU,61.36,63.58,overcast clouds,0.0,0.0,52.63,58,99,8.43
510,Platanos,GR,37.67,21.62,clear sky,0.0,0.0,68.0,88,0,2.24
511,Broken Hill,AU,-31.95,141.43,broken clouds,0.0,0.0,51.8,62,75,8.23
512,Atherton,GB,53.52,-2.49,broken clouds,0.0,0.0,55.99,94,61,1.99
513,Okha,RU,53.57,142.95,overcast clouds,0.0,0.0,40.95,98,100,4.63
514,Santa Maria Da Vitoria,BR,-13.39,-44.19,clear sky,0.0,0.0,71.83,65,3,4.21
515,Marystown,CA,47.17,-55.15,scattered clouds,0.0,0.0,51.78,92,40,14.85
516,Potosi,BO,-19.58,-65.75,clear sky,0.0,0.0,46.99,43,0,3.06
517,Palmer,US,42.16,-72.33,broken clouds,0.0,0.0,84.2,45,75,8.05
518,La Peca,PE,-5.61,-78.44,light rain,0.16,0.16,73.49,72,15,3.96
519,Kenai,US,60.55,-151.26,clear sky,0.0,0.0,53.6,71,1,10.29
520,Coihueco,CL,-36.62,-71.83,scattered clouds,0.0,0.0,53.6,87,40,4.7
521,Kolaras,IN,25.23,77.6,clear sky,0.0,0.0,86.41,54,9,16.13
522,Riachao Do Dantas,BR,-11.07,-37.73,clear sky,0.0,0.0,69.67,95,7,4.9
523,Vaitape,PF,-16.52,-151.75,overcast clouds,0.0,0.0,80.94,75,91,3.56
524,Slave Lake,CA,55.28,-114.77,clear sky,0.0,0.0,71.6,46,1,9.17
525,Moncton,CA,46.12,-64.8,few clouds,0.0,0.0,91.4,38,20,17.22
526,Raudeberg,NO,61.99,5.14,scattered clouds,0.0,0.0,64.4,87,35,3.36
527,Maragogi,BR,-9.01,-35.22,moderate rain,1.68,1.68,76.19,86,84,13.24
528,Naustdal,NO,61.51,5.72,overcast clouds,0.0,0.0,60.8,87,96,3.36
529,Gizo,SB,-8.1,156.84,few clouds,0.0,0.0,83.88,73,17,4.97
530,Panama City,PA,8.99,-79.52,scattered clouds,0.0,0.0,84.99,79,40,9.17
531,Sur,OM,22.57,59.53,scattered clouds,0.0,0.0,84.88,70,45,12.26
532,Georgetown,MY,5.41,100.34,few clouds,0.0,0.0,78.8,94,20,3.36
533,Sweetwater,US,25.76,-80.37,broken clouds,0.0,0.0,88.0,70,75,5.82
534,Tubuala,PA,9.52,-79.03,moderate rain,0.0,0.0,82.99,78,75,9.17
535,New Port Richey,US,28.24,-82.72,clear sky,0.0,0.0,87.01,72,4,5.01
536,Marsaxlokk,MT,35.84,14.54,scattered clouds,0.0,0.0,73.4,88,27,8.05
537,Sterling,US,39.01,-77.43,thunderstorm,0.0,0.0,73.4,88,75,8.05
538,Te Anau,NZ,-45.42,167.72,few clouds,0.0,0.0,41.54,77,14,0.43
539,Tulun,RU,54.56,100.58,few clouds,0.0,0.0,56.16,85,11,2.44
540,Longyan,CN,25.11,117.02,very heavy rain,40.39,40.39,82.99,71,100,1.81
541,Halifax,CA,44.65,-63.57,clear sky,0.0,0.0,84.99,58,0,10.04
542,Chartres,FR,48.42,1.5,broken clouds,0.0,0.0,57.99,83,78,2.04
543,Marrakesh,MA,31.63,-8.01,clear sky,0.0,0.0,73.4,49,0,6.93
544,Banda Aceh,ID,5.56,95.32,overcast clouds,0.0,0.0,80.42,73,99,8.32
545,Tramore,IE,52.16,-7.15,overcast clouds,0.0,0.0,55.0,80,96,1.01
546,Kristiansund,NO,63.11,7.73,overcast clouds,0.0,0.0,69.8,52,87,11.41
547,Januaria,BR,-15.48,-44.37,scattered clouds,0.0,0.0,70.66,74,48,2.44
548,Kaliua,TZ,-5.06,31.79,broken clouds,0.0,0.0,70.68,55,81,2.01
549,Wuan,CN,31.68,112.0,light rain,0.15,0.15,70.97,86,96,3.2
550,Parintins,BR,-2.63,-56.74,light rain,0.15,0.15,79.11,79,89,1.39
551,Okhotsk,RU,59.38,143.3,broken clouds,0.0,0.0,51.48,81,79,5.41
552,Narrabri,AU,-30.32,149.78,overcast clouds,0.0,0.0,51.01,81,90,3.36
553,Abu Dhabi,AE,24.47,54.37,haze,0.0,0.0,87.01,84,0,2.24
554,Portree,GB,57.41,-6.19,broken clouds,0.0,0.0,55.99,91,72,8.01
555,Strezhevoy,RU,60.73,77.59,overcast clouds,0.0,0.0,46.4,70,100,4.47
556,Artyom,AZ,40.47,50.33,thunderstorm with light rain,0.0,0.0,78.8,50,40,16.11
557,Kirkwood,US,38.58,-90.41,broken clouds,0.0,0.0,89.6,38,75,11.41
558,Astoria,US,46.19,-123.83,broken clouds,0.0,0.0,75.0,82,75,17.22
